HASANAH MART,,,,,,,
SALES INVOICE,,,,,,,
,,,,,,,
Invoice ID,,,,,Order Date,Thu Aug 20 2026 00:00:00 GMT+0600 (Bangladesh Standard Time),
Contact,,,,,Customer Status,,
Customer Name,,,,,Customer ID,,
Address,,,,,,,
,,,,,,,
#,Product,Product_ID,Qty,Fulfilled From,Unit Price,Discount,Line Total
1,,,,,,,
2,,,,,,,
3,,,,,,,
4,,,,,,,
5,,,,,,,
6,,,,,,,
7,,,,,,,
8,,,,,,,
9,,,,,,,
10,,,,,,,
,,,,,,,
Payment Method,,,,,,Subtotal,0
Collected By,,,,,,Discount,
Cash Account,,,,,,Delivery Charge,
Order Status,,,,,,TOTAL,0
,,,,,,,
Notes,,,,,,Paid,
,,,,,,Due,0